X1,vcf_name,index,Sequencing project,Sequencing file name,DNA identifier,Tissue identifier,RAD identifier,"Sampling locality (water body, drainage, region)",Region,Site,Major Drainage,Latitude,Longitude,Source,Collection date,Comments
data/BK1703222/I-012_S187_sorted.bam,I-012_S187,1,GW BK1703222,I-012_S187_R1_001.fastq.gz,AL2016-1123,402926,I-012_S187,Alaska,Southcentral,StormyLake,NA,60.773717,-151.052584,NA,NA,NA
data/BK1703222/I-022_S197_sorted.bam,I-022_S197,2,GW BK1703222,I-022_S197_R1_001.fastq.gz,AL2016-1196,404056,I-022_S197,Alaska,Southcentral,TinyLake,NA,60.519884,-150.992988,NA,NA,NA
data/AN1711171/I-034_sorted.bam,I-034,3,GW AN1711171,I-034_R1_001.fastq.gz,402939,402939,I-034,Alaska,Southcentral,StormyLake,NA,60.773717,-151.052584,NA,NA,NA
data/BK1703222/I-003_S178_sorted.bam,I-003_S178,4,GW BK1703222,I-003_S178_R1_001.fastq.gz,AL2016-1102,402905,I-003_S178,Alaska,Southcentral,StormyLake,NA,60.773717,-151.052584,NA,NA,NA
data/AN1711171/I-031_sorted.bam,I-031,5,GW AN1711171,I-031_R1_001.fastq.gz,402936,402936,I-031,Alaska,Southcentral,StormyLake,NA,60.773717,-151.052584,NA,NA,NA
data/BK1703222/I-018_S193_sorted.bam,I-018_S193,6,GW BK1703222,I-018_S193_R1_001.fastq.gz,AL2016-1192,404052,I-018_S193,Alaska,Southcentral,TinyLake,NA,60.519884,-150.992988,NA,NA,NA
data/BK1703222/I-008_S183_sorted.bam,I-008_S183,7,GW BK1703222,I-008_S183_R1_001.fastq.gz,AL2016-1116,402919,I-008_S183,Alaska,Southcentral,StormyLake,NA,60.773717,-151.052584,NA,NA,NA
data/BK1703222/I-024_S199_sorted.bam,I-024_S199,8,GW BK1703222,I-024_S199_R1_001.fastq.gz,AL2016-1198,404058,I-024_S199,Alaska,Southcentral,TinyLake,NA,60.519884,-150.992988,NA,NA,NA
data/AN1711171/I-033_sorted.bam,I-033,9,GW AN1711171,I-033_R1_001.fastq.gz,402938,402938,I-033,Alaska,Southcentral,StormyLake,NA,60.773717,-151.052584,NA,NA,NA
data/BK1703222/I-016_S191_sorted.bam,I-016_S191,10,GW BK1703222,I-016_S191_R1_001.fastq.gz,AL2016-1190,404050,I-016_S191,Alaska,Southcentral,TinyLake,NA,60.519884,-150.992988,NA,NA,NA
data/AN1711171/I-028_sorted.bam,I-028,11,GW AN1711171,I-028_R1_001.fastq.gz,402933,402933,I-028,Alaska,Southcentral,StormyLake,NA,60.773717,-151.052584,NA,NA,NA
data/BK1703222/I-009_S184_sorted.bam,I-009_S184,12,GW BK1703222,I-009_S184_R1_001.fastq.gz,AL2016-1119,402922,I-009_S184,Alaska,Southcentral,StormyLake,NA,60.773717,-151.052584,NA,NA,NA
data/BK1703222/I-021_S196_sorted.bam,I-021_S196,13,GW BK1703222,I-021_S196_R1_001.fastq.gz,AL2016-1195,404055,I-021_S196,Alaska,Southcentral,TinyLake,NA,60.519884,-150.992988,NA,NA,NA
data/AN1711171/I-030_sorted.bam,I-030,14,GW AN1711171,I-030_R1_001.fastq.gz,402935,402935,I-030,Alaska,Southcentral,StormyLake,NA,60.773717,-151.052584,NA,NA,NA
data/BK1703222/I-006_S181_sorted.bam,I-006_S181,15,GW BK1703222,I-006_S181_R1_001.fastq.gz,AL2016-1111,402914,I-006_S181,Alaska,Southcentral,StormyLake,NA,60.773717,-151.052584,NA,NA,NA
data/AN1711171/R-004_sorted.bam,R-004,16,GW AN1711171,R-004_R1_001.fastq.gz,4,4,R-004,Alaska,Southcentral,Tyonek,NA,61.145748,-151.1266057,NA,NA,NA
data/BK1703222/H-009_S164_sorted.bam,H-009_S164,17,GW BK1703222,H-009_S164_R1_001.fastq.gz,AL2016-1047,374023,H-009_S164,Alaska,Southcentral,ShellLake,NA,61.959494,-151.450148,NA,NA,NA
data/AN1711171/O-004_sorted.bam,O-004,18,GW AN1711171,O-004_R1_001.fastq.gz,166,166,O-004,Alaska,Southcentral,AndersonLake,NA,61.620425,-149.338466,NA,NA,NA
data/BK1703222/H-013_S168_sorted.bam,H-013_S168,19,GW BK1703222,H-013_S168_R1_001.fastq.gz,AL2017-138,374036,H-013_S168,Alaska,Southcentral,ShellLake,NA,61.959494,-151.450148,NA,NA,NA
data/AN1711171/R-031_sorted.bam,R-031,20,GW AN1711171,R-031_R1_001.fastq.gz,42,42,R-031,Alaska,Southcentral,Tyonek,NA,61.145748,-151.1266057,NA,NA,NA
data/BK1703222/C-009_S54_sorted.bam,C-009_S54,21,GW BK1703222,C-009_S54_R1_001.fastq.gz,AL2016-827,401886,C-009_S54,Alaska,Southcentral,DeshkaRiver,NA,61.71497,-150.32448,NA,NA,NA
data/AN1711171/T-014_sorted.bam,T-014,22,GW AN1711171,T-014_R1_001.fastq.gz,373765,373765,T-014,Alaska,Southcentral,YentnaIndianCreek,NA,NA,NA,NA,NA,NA
data/BK1703222/B-005_S30_sorted.bam,B-005_S30,23,GW BK1703222,B-005_S30_R1_001.fastq.gz,AL2016-800,373901,B-005_S30,Alaska,Southcentral,AlexanderLake,NA,61.736635,-150.90074,NA,NA,NA
data/AN1711171/O-013_sorted.bam,O-013,24,GW AN1711171,O-013_R1_001.fastq.gz,186,186,O-013,Alaska,Southcentral,AndersonLake,NA,61.620425,-149.338466,NA,NA,NA
data/AN1711171/R-025_sorted.bam,R-025,25,GW AN1711171,R-025_R1_001.fastq.gz,36,36,R-025,Alaska,Southcentral,Tyonek,NA,61.145748,-151.1266057,NA,NA,NA
data/BK1703222/G-015_S150_sorted.bam,G-015_S150,26,GW BK1703222,G-015_S150_R1_001.fastq.gz,AL2017-160,374457,G-015_S150,Alaska,Southcentral,OtterLake,NA,61.29013,-149.74095,NA,NA,NA
data/AN1711171/O-007_sorted.bam,O-007,27,GW AN1711171,O-007_R1_001.fastq.gz,179,179,O-007,Alaska,Southcentral,AndersonLake,NA,61.620425,-149.338466,NA,NA,NA
data/AN1711171/O-003_sorted.bam,O-003,28,GW AN1711171,O-003_R1_001.fastq.gz,165,165,O-003,Alaska,Southcentral,AndersonLake,NA,61.620425,-149.338466,NA,NA,NA
data/AN1711171/O-010_sorted.bam,O-010,29,GW AN1711171,O-010_R1_001.fastq.gz,183,183,O-010,Alaska,Southcentral,AndersonLake,NA,61.620425,-149.338466,NA,NA,NA
data/AN1711171/O-001_sorted.bam,O-001,30,GW AN1711171,O-001_R1_001.fastq.gz,163,163,O-001,Alaska,Southcentral,AndersonLake,NA,61.620425,-149.338466,NA,NA,NA
data/AN1711171/P-003_sorted.bam,P-003,31,GW AN1711171,P-003_R1_001.fastq.gz,206,206,P-003,Alaska,Southcentral,BulchitnaLake,NA,61.935431,-150.9204957,NA,NA,NA
data/AN1711171/B-021_sorted.bam,B-021,32,GW AN1711171,B-021_R1_001.fastq.gz,373912,373912,B-021,Alaska,Southcentral,AlexanderLake,NA,61.736635,-150.90074,NA,NA,NA
data/AN1711171/T-005_sorted.bam,T-005,33,GW AN1711171,T-005_R1_001.fastq.gz,373752,373752,T-005,Alaska,Southcentral,YentnaIndianCreek,NA,NA,NA,NA,NA,NA
data/AN1711171/J-021_sorted.bam,J-021,34,GW AN1711171,J-021_R1_001.fastq.gz,400011,400011,J-021,Alaska,Southeast,AntlinRiver,NA,NA,NA,NA,NA,NA
data/AN1711171/J-023_sorted.bam,J-023,35,GW AN1711171,J-023_R1_001.fastq.gz,400013,400013,J-023,Alaska,Southeast,AntlinRiver,NA,NA,NA,NA,NA,NA
data/AN1711171/J-024_sorted.bam,J-024,36,GW AN1711171,J-024_R1_001.fastq.gz,400014,400014,J-024,Alaska,Southeast,AntlinRiver,NA,NA,NA,NA,NA,NA
data/AN1711171/J-025_sorted.bam,J-025,37,GW AN1711171,J-025_R1_001.fastq.gz,400015,400015,J-025,Alaska,Southeast,AntlinRiver,NA,NA,NA,NA,NA,NA
data/AN1711171/J-026_sorted.bam,J-026,38,GW AN1711171,J-026_R1_001.fastq.gz,400016,400016,J-026,Alaska,Southeast,AntlinRiver,NA,NA,NA,NA,NA,NA
data/AN1711171/J-027_sorted.bam,J-027,39,GW AN1711171,J-027_R1_001.fastq.gz,400017,400017,J-027,Alaska,Southeast,AntlinRiver,NA,NA,NA,NA,NA,NA
data/AN1711171/J-028_sorted.bam,J-028,40,GW AN1711171,J-028_R1_001.fastq.gz,400018,400018,J-028,Alaska,Southeast,AntlinRiver,NA,NA,NA,NA,NA,NA
data/AN1711171/J-029_sorted.bam,J-029,41,GW AN1711171,J-029_R1_001.fastq.gz,400019,400019,J-029,Alaska,Southeast,AntlinRiver,NA,NA,NA,NA,NA,NA
data/AN1711171/J-030_sorted.bam,J-030,42,GW AN1711171,J-030_R1_001.fastq.gz,400021,400021,J-030,Alaska,Southeast,AntlinRiver,NA,NA,NA,NA,NA,NA
data/AN1711171/J-031_sorted.bam,J-031,43,GW AN1711171,J-031_R1_001.fastq.gz,400022,400022,J-031,Alaska,Southeast,AntlinRiver,NA,NA,NA,NA,NA,NA
data/AN1711171/J-032_sorted.bam,J-032,44,GW AN1711171,J-032_R1_001.fastq.gz,400023,400023,J-032,Alaska,Southeast,AntlinRiver,NA,NA,NA,NA,NA,NA
data/AN1711171/J-033_sorted.bam,J-033,45,GW AN1711171,J-033_R1_001.fastq.gz,400026,400026,J-033,Alaska,Southeast,AntlinRiver,NA,NA,NA,NA,NA,NA
data/AN1711171/J-034_sorted.bam,J-034,46,GW AN1711171,J-034_R1_001.fastq.gz,400029,400029,J-034,Alaska,Southeast,AntlinRiver,NA,NA,NA,NA,NA,NA
data/AN1711171/J-035_sorted.bam,J-035,47,GW AN1711171,J-035_R1_001.fastq.gz,400030,400030,J-035,Alaska,Southeast,AntlinRiver,NA,NA,NA,NA,NA,NA
data/AN1711171/J-036_sorted.bam,J-036,48,GW AN1711171,J-036_R1_001.fastq.gz,400063,400063,J-036,Alaska,Southeast,AntlinRiver,NA,NA,NA,NA,NA,NA
data/AN1711171/J-037_sorted.bam,J-037,49,GW AN1711171,J-037_R1_001.fastq.gz,400083,400083,J-037,Alaska,Southeast,AntlinRiver,NA,NA,NA,NA,NA,NA
data/AN1711171/J-038_sorted.bam,J-038,50,GW AN1711171,J-038_R1_001.fastq.gz,400085,400085,J-038,Alaska,Southeast,AntlinRiver,NA,NA,NA,NA,NA,NA
data/AN1711171/J-039_sorted.bam,J-039,51,GW AN1711171,J-039_R1_001.fastq.gz,400090,400090,J-039,Alaska,Southeast,AntlinRiver,NA,NA,NA,NA,NA,NA
data/AN1711171/J-040_sorted.bam,J-040,52,GW AN1711171,J-040_R1_001.fastq.gz,400091,400091,J-040,Alaska,Southeast,AntlinRiver,NA,NA,NA,NA,NA,NA
data/AN1711171/J-041_sorted.bam,J-041,53,GW AN1711171,J-041_R1_001.fastq.gz,400092,400092,J-041,Alaska,Southeast,AntlinRiver,NA,NA,NA,NA,NA,NA
data/AN1711171/J-042_sorted.bam,J-042,54,GW AN1711171,J-042_R1_001.fastq.gz,400094,400094,J-042,Alaska,Southeast,AntlinRiver,NA,NA,NA,NA,NA,NA
data/AN1711171/J-043_sorted.bam,J-043,55,GW AN1711171,J-043_R1_001.fastq.gz,400095,400095,J-043,Alaska,Southeast,AntlinRiver,NA,NA,NA,NA,NA,NA
data/AN1711171/J-044_sorted.bam,J-044,56,GW AN1711171,J-044_R1_001.fastq.gz,400097,400097,J-044,Alaska,Southeast,AntlinRiver,NA,NA,NA,NA,NA,NA
data/AN1711171/J-045_sorted.bam,J-045,57,GW AN1711171,J-045_R1_001.fastq.gz,400098,400098,J-045,Alaska,Southeast,AntlinRiver,NA,NA,NA,NA,NA,NA
data/AN1711171/J-046_sorted.bam,J-046,58,GW AN1711171,J-046_R1_001.fastq.gz,400101,400101,J-046,Alaska,Southeast,AntlinRiver,NA,NA,NA,NA,NA,NA
data/AN1711171/J-047_sorted.bam,J-047,59,GW AN1711171,J-047_R1_001.fastq.gz,400102,400102,J-047,Alaska,Southeast,AntlinRiver,NA,NA,NA,NA,NA,NA
data/AN1711171/J-048_sorted.bam,J-048,60,GW AN1711171,J-048_R1_001.fastq.gz,400103,400103,J-048,Alaska,Southeast,AntlinRiver,NA,NA,NA,NA,NA,NA
data/AN1711171/J-049_sorted.bam,J-049,61,GW AN1711171,J-049_R1_001.fastq.gz,400093,400093,J-049,Alaska,Southeast,AntlinRiver,NA,NA,NA,NA,NA,NA
data/AN1711171/Q-001_sorted.bam,Q-001,62,GW AN1711171,Q-001_R1_001.fastq.gz,402147,402147,Q-001,Alaska,Interior,MintoFlats,NA,NA,NA,NA,NA,NA
data/AN1711171/Q-002_sorted.bam,Q-002,63,GW AN1711171,Q-002_R1_001.fastq.gz,402148,402148,Q-002,Alaska,Interior,MintoFlats,NA,NA,NA,NA,NA,NA
data/AN1711171/Q-003_sorted.bam,Q-003,64,GW AN1711171,Q-003_R1_001.fastq.gz,402149,402149,Q-003,Alaska,Interior,MintoFlats,NA,NA,NA,NA,NA,NA
data/AN1711171/Q-004_sorted.bam,Q-004,65,GW AN1711171,Q-004_R1_001.fastq.gz,402150,402150,Q-004,Alaska,Interior,MintoFlats,NA,NA,NA,NA,NA,NA
data/AN1711171/Q-005_sorted.bam,Q-005,66,GW AN1711171,Q-005_R1_001.fastq.gz,402151,402151,Q-005,Alaska,Interior,MintoFlats,NA,NA,NA,NA,NA,NA
data/AN1711171/Q-006_sorted.bam,Q-006,67,GW AN1711171,Q-006_R1_001.fastq.gz,402152,402152,Q-006,Alaska,Interior,MintoFlats,NA,NA,NA,NA,NA,NA
data/AN1711171/Q-007_sorted.bam,Q-007,68,GW AN1711171,Q-007_R1_001.fastq.gz,402153,402153,Q-007,Alaska,Interior,MintoFlats,NA,NA,NA,NA,NA,NA
data/AN1711171/Q-008_sorted.bam,Q-008,69,GW AN1711171,Q-008_R1_001.fastq.gz,402154,402154,Q-008,Alaska,Interior,MintoFlats,NA,NA,NA,NA,NA,NA
data/AN1711171/Q-009_sorted.bam,Q-009,70,GW AN1711171,Q-009_R1_001.fastq.gz,402155,402155,Q-009,Alaska,Interior,MintoFlats,NA,NA,NA,NA,NA,NA
data/AN1711171/Q-010_sorted.bam,Q-010,71,GW AN1711171,Q-010_R1_001.fastq.gz,402156,402156,Q-010,Alaska,Interior,MintoFlats,NA,NA,NA,NA,NA,NA
data/AN1711171/Q-011_sorted.bam,Q-011,72,GW AN1711171,Q-011_R1_001.fastq.gz,402157,402157,Q-011,Alaska,Interior,MintoFlats,NA,NA,NA,NA,NA,NA
data/AN1711171/Q-012_sorted.bam,Q-012,73,GW AN1711171,Q-012_R1_001.fastq.gz,402158,402158,Q-012,Alaska,Interior,MintoFlats,NA,NA,NA,NA,NA,NA
data/AN1711171/Q-013_sorted.bam,Q-013,74,GW AN1711171,Q-013_R1_001.fastq.gz,402159,402159,Q-013,Alaska,Interior,MintoFlats,NA,NA,NA,NA,NA,NA
data/AN1711171/Q-015_sorted.bam,Q-015,75,GW AN1711171,Q-015_R1_001.fastq.gz,402161,402161,Q-015,Alaska,Interior,MintoFlats,NA,NA,NA,NA,NA,NA
data/AN1711171/Q-017_sorted.bam,Q-017,76,GW AN1711171,Q-017_R1_001.fastq.gz,402163,402163,Q-017,Alaska,Interior,MintoFlats,NA,NA,NA,NA,NA,NA
data/AN1711171/Q-018_sorted.bam,Q-018,77,GW AN1711171,Q-018_R1_001.fastq.gz,402164,402164,Q-018,Alaska,Interior,MintoFlats,NA,NA,NA,NA,NA,NA
data/AN1711171/Q-019_sorted.bam,Q-019,78,GW AN1711171,Q-019_R1_001.fastq.gz,402165,402165,Q-019,Alaska,Interior,MintoFlats,NA,NA,NA,NA,NA,NA
data/AN1711171/Q-020_sorted.bam,Q-020,79,GW AN1711171,Q-020_R1_001.fastq.gz,402166,402166,Q-020,Alaska,Interior,MintoFlats,NA,NA,NA,NA,NA,NA
data/AN1711171/Q-021_sorted.bam,Q-021,80,GW AN1711171,Q-021_R1_001.fastq.gz,402167,402167,Q-021,Alaska,Interior,MintoFlats,NA,NA,NA,NA,NA,NA
data/AN1711171/Q-022_sorted.bam,Q-022,81,GW AN1711171,Q-022_R1_001.fastq.gz,402168,402168,Q-022,Alaska,Interior,MintoFlats,NA,NA,NA,NA,NA,NA
data/AN1711171/Q-023_sorted.bam,Q-023,82,GW AN1711171,Q-023_R1_001.fastq.gz,402169,402169,Q-023,Alaska,Interior,MintoFlats,NA,NA,NA,NA,NA,NA
data/AN1711171/Q-024_sorted.bam,Q-024,83,GW AN1711171,Q-024_R1_001.fastq.gz,402170,402170,Q-024,Alaska,Interior,MintoFlats,NA,NA,NA,NA,NA,NA
data/AN1711171/Q-025_sorted.bam,Q-025,84,GW AN1711171,Q-025_R1_001.fastq.gz,402171,402171,Q-025,Alaska,Interior,MintoFlats,NA,NA,NA,NA,NA,NA
data/AN1711171/S-001_sorted.bam,S-001,85,GW AN1711171,S-001_R1_001.fastq.gz,403269,403269,S-001,Alaska,Interior,YukonFlats,NA,61.145748,-151.1266057,NA,NA,NA
data/AN1711171/S-002_sorted.bam,S-002,86,GW AN1711171,S-002_R1_001.fastq.gz,403291,403291,S-002,Alaska,Interior,YukonFlats,NA,61.145748,-151.1266057,NA,NA,NA
data/AN1711171/S-003_sorted.bam,S-003,87,GW AN1711171,S-003_R1_001.fastq.gz,403299,403299,S-003,Alaska,Interior,YukonFlats,NA,61.145748,-151.1266057,NA,NA,NA
data/AN1711171/S-004_sorted.bam,S-004,88,GW AN1711171,S-004_R1_001.fastq.gz,403351,403351,S-004,Alaska,Interior,YukonFlats,NA,61.145748,-151.1266057,NA,NA,NA
data/AN1711171/S-005_sorted.bam,S-005,89,GW AN1711171,S-005_R1_001.fastq.gz,403380,403380,S-005,Alaska,Interior,YukonFlats,NA,61.145748,-151.1266057,NA,NA,NA
data/AN1711171/S-006_sorted.bam,S-006,90,GW AN1711171,S-006_R1_001.fastq.gz,403385,403385,S-006,Alaska,Interior,YukonFlats,NA,61.145748,-151.1266057,NA,NA,NA
data/AN1711171/S-007_sorted.bam,S-007,91,GW AN1711171,S-007_R1_001.fastq.gz,403392,403392,S-007,Alaska,Interior,YukonFlats,NA,61.145748,-151.1266057,NA,NA,NA
data/AN1711171/S-008_sorted.bam,S-008,92,GW AN1711171,S-008_R1_001.fastq.gz,403393,403393,S-008,Alaska,Interior,YukonFlats,NA,61.145748,-151.1266057,NA,NA,NA
data/AN1711171/S-009_sorted.bam,S-009,93,GW AN1711171,S-009_R1_001.fastq.gz,403394,403394,S-009,Alaska,Interior,YukonFlats,NA,61.145748,-151.1266057,NA,NA,NA
data/AN1711171/S-010_sorted.bam,S-010,94,GW AN1711171,S-010_R1_001.fastq.gz,403395,403395,S-010,Alaska,Interior,YukonFlats,NA,61.145748,-151.1266057,NA,NA,NA
data/AN1711171/S-011_sorted.bam,S-011,95,GW AN1711171,S-011_R1_001.fastq.gz,403396,403396,S-011,Alaska,Interior,YukonFlats,NA,61.145748,-151.1266057,NA,NA,NA
data/AN1711171/S-012_sorted.bam,S-012,96,GW AN1711171,S-012_R1_001.fastq.gz,403397,403397,S-012,Alaska,Interior,YukonFlats,NA,61.145748,-151.1266057,NA,NA,NA
data/AN1711171/S-013_sorted.bam,S-013,97,GW AN1711171,S-013_R1_001.fastq.gz,403352,403352,S-013,Alaska,Interior,YukonFlats,NA,61.145748,-151.1266057,NA,NA,NA
data/AN1711171/U-001_sorted.bam,U-001,98,GW AN1711171,U-001_R1_001.fastq.gz,404157,404157,U-001,Alaska,North,NorthSlope,NA,NA,NA,NA,NA,NA
data/AN1711171/U-002_sorted.bam,U-002,99,GW AN1711171,U-002_R1_001.fastq.gz,404158,404158,U-002,Alaska,North,NorthSlope,NA,NA,NA,NA,NA,NA
data/AN1711171/U-005_sorted.bam,U-005,100,GW AN1711171,U-005_R1_001.fastq.gz,404162,404162,U-005,Alaska,North,NorthSlope,NA,NA,NA,NA,NA,NA
data/AN1711171/V-001_sorted.bam,V-001,101,GW AN1711171,V-001_R1_001.fastq.gz,TO4250,TO4250,V-001,Canada,Midwest,EagleLake,NA,49.7,-93.21667,NA,NA,NA
data/AN1711171/V-002_sorted.bam,V-002,102,GW AN1711171,V-002_R1_001.fastq.gz,TO4254,TO4254,V-002,Canada,Midwest,EagleLake,NA,49.7,-93.21667,NA,NA,NA
data/AN1711171/V-003_sorted.bam,V-003,103,GW AN1711171,V-003_R1_001.fastq.gz,TO4260,TO4260,V-003,Canada,Midwest,EagleLake,NA,49.7,-93.21667,NA,NA,NA
data/AN1711171/V-004_sorted.bam,V-004,104,GW AN1711171,V-004_R1_001.fastq.gz,TO4267,TO4267,V-004,Canada,Midwest,EagleLake,NA,49.7,-93.21667,NA,NA,NA
data/AN1711171/V-005_sorted.bam,V-005,105,GW AN1711171,V-005_R1_001.fastq.gz,TO4268,TO4268,V-005,Canada,Midwest,EagleLake,NA,49.7,-93.21667,NA,NA,NA
data/AN1711171/V-006_sorted.bam,V-006,106,GW AN1711171,V-006_R1_001.fastq.gz,TO4271,TO4271,V-006,Canada,Midwest,EagleLake,NA,49.7,-93.21667,NA,NA,NA
data/AN1711171/V-007_sorted.bam,V-007,107,GW AN1711171,V-007_R1_001.fastq.gz,TO4251,TO4251,V-007,Canada,Midwest,EagleLake,NA,49.7,-93.21667,NA,NA,NA
data/AN1711171/V-009_sorted.bam,V-009,108,GW AN1711171,V-009_R1_001.fastq.gz,TO4252,TO4252,V-009,Canada,Midwest,EagleLake,NA,49.7,-93.21667,NA,NA,NA
data/AN1711171/V-010_sorted.bam,V-010,109,GW AN1711171,V-010_R1_001.fastq.gz,TO4259,TO4259,V-010,Canada,Midwest,EagleLake,NA,49.7,-93.21667,NA,NA,NA
data/AN1711171/V-011_sorted.bam,V-011,110,GW AN1711171,V-011_R1_001.fastq.gz,TO4257,TO4257,V-011,Canada,Midwest,EagleLake,NA,49.7,-93.21667,NA,NA,NA
data/AN1711171/W-002_sorted.bam,W-002,111,GW AN1711171,W-002_R1_001.fastq.gz,157095,157095,W-002,Alaska,Northwest,Selawik,NA,NA,NA,NA,NA,NA
data/AN1711171/W-003_sorted.bam,W-003,112,GW AN1711171,W-003_R1_001.fastq.gz,157096,157096,W-003,Alaska,Northwest,Selawik,NA,NA,NA,NA,NA,NA
data/AN1711171/W-004_sorted.bam,W-004,113,GW AN1711171,W-004_R1_001.fastq.gz,157100,157100,W-004,Alaska,Northwest,Selawik,NA,NA,NA,NA,NA,NA
data/AN1711171/W-006_sorted.bam,W-006,114,GW AN1711171,W-006_R1_001.fastq.gz,156528,156528,W-006,Alaska,Northwest,Selawik,NA,NA,NA,NA,NA,NA
data/BK1703222/D-001_S66_sorted.bam,D-001_S66,115,GW BK1703222,D-001_S66_R1_001.fastq.gz,AL2016-1314,402264,D-001_S66,Alaska,Southwest,LakeClark,NA,60.182356,-154.551041,NA,NA,NA
data/BK1703222/D-004_S69_sorted.bam,D-004_S69,116,GW BK1703222,D-004_S69_R1_001.fastq.gz,AL2016-1317,402267,D-004_S69,Alaska,Southwest,LakeClark,NA,60.182356,-154.551041,NA,NA,NA
data/BK1703222/D-005_S70_sorted.bam,D-005_S70,117,GW BK1703222,D-005_S70_R1_001.fastq.gz,AL2016-1318,402268,D-005_S70,Alaska,Southwest,LakeClark,NA,60.182356,-154.551041,NA,NA,NA
data/BK1703222/D-006_S71_sorted.bam,D-006_S71,118,GW BK1703222,D-006_S71_R1_001.fastq.gz,AL2016-1319,402269,D-006_S71,Alaska,Southwest,LakeClark,NA,60.182356,-154.551041,NA,NA,NA
data/BK1703222/D-012_S77_sorted.bam,D-012_S77,119,GW BK1703222,D-012_S77_R1_001.fastq.gz,AL2016-1326,402276,D-012_S77,Alaska,Southwest,LakeClark,NA,60.182356,-154.551041,NA,NA,NA
data/BK1703222/D-015_S80_sorted.bam,D-015_S80,120,GW BK1703222,D-015_S80_R1_001.fastq.gz,AL2016-1329,402249,D-015_S80,Alaska,Southwest,LakeClark,NA,60.182356,-154.551041,NA,NA,NA
data/BK1703222/D-016_S81_sorted.bam,D-016_S81,121,GW BK1703222,D-016_S81_R1_001.fastq.gz,AL2016-1331,402251,D-016_S81,Alaska,Southwest,LakeClark,NA,60.181215,-154.551866,NA,NA,NA
data/BK1703222/D-017_S82_sorted.bam,D-017_S82,122,GW BK1703222,D-017_S82_R1_001.fastq.gz,AL2016-1333,402253,D-017_S82,Alaska,Southwest,LakeClark,NA,60.177998,-154.557445,NA,NA,NA
data/BK1703222/D-018_S83_sorted.bam,D-018_S83,123,GW BK1703222,D-018_S83_R1_001.fastq.gz,AL2016-1335,402255,D-018_S83,Alaska,Southwest,LakeClark,NA,60.177998,-154.557445,NA,NA,NA
data/BK1703222/D-019_S84_sorted.bam,D-019_S84,124,GW BK1703222,D-019_S84_R1_001.fastq.gz,AL2016-1336,402256,D-019_S84,Alaska,Southwest,LakeClark,NA,60.177998,-154.557445,NA,NA,NA
data/BK1703222/D-020_S85_sorted.bam,D-020_S85,125,GW BK1703222,D-020_S85_R1_001.fastq.gz,AL2016-1337,402257,D-020_S85,Alaska,Southwest,LakeClark,NA,60.177998,-154.557445,NA,NA,NA
data/BK1703222/D-021_S86_sorted.bam,D-021_S86,126,GW BK1703222,D-021_S86_R1_001.fastq.gz,AL2016-1338,402258,D-021_S86,Alaska,Southwest,LakeClark,NA,60.177998,-154.557445,NA,NA,NA
data/BK1703222/D-022_S87_sorted.bam,D-022_S87,127,GW BK1703222,D-022_S87_R1_001.fastq.gz,AL2016-1339,402259,D-022_S87,Alaska,Southwest,LakeClark,NA,60.177998,-154.557445,NA,NA,NA
data/BK1703222/D-023_S88_sorted.bam,D-023_S88,128,GW BK1703222,D-023_S88_R1_001.fastq.gz,AL2016-1340,402261,D-023_S88,Alaska,Southwest,LakeClark,NA,60.177998,-154.557445,NA,NA,NA
data/BK1703222/D-024_S89_sorted.bam,D-024_S89,129,GW BK1703222,D-024_S89_R1_001.fastq.gz,AL2016-1341,402262,D-024_S89,Alaska,Southwest,LakeClark,NA,60.177998,-154.557445,NA,NA,NA
data/BK1703222/E-001_S91_sorted.bam,E-001_S91,130,GW BK1703222,E-001_S91_R1_001.fastq.gz,AL2016-1246,380686,E-001_S91,Alaska,Southwest,LakeNerka,NA,59.556508,-159.076097,NA,NA,NA
data/BK1703222/E-003_S93_sorted.bam,E-003_S93,131,GW BK1703222,E-003_S93_R1_001.fastq.gz,AL2016-1251,380691,E-003_S93,Alaska,Southwest,LakeNerka,NA,59.556508,-159.076097,NA,NA,NA
data/BK1703222/E-004_S94_sorted.bam,E-004_S94,132,GW BK1703222,E-004_S94_R1_001.fastq.gz,AL2016-1252,380692,E-004_S94,Alaska,Southwest,LakeNerka,NA,59.556508,-159.076097,NA,NA,NA
data/BK1703222/E-005_S95_sorted.bam,E-005_S95,133,GW BK1703222,E-005_S95_R1_001.fastq.gz,AL2016-1253,380693,E-005_S95,Alaska,Southwest,LakeNerka,NA,59.556508,-159.076097,NA,NA,NA
data/BK1703222/E-006_S96_sorted.bam,E-006_S96,134,GW BK1703222,E-006_S96_R1_001.fastq.gz,AL2016-1254,380694,E-006_S96,Alaska,Southwest,LakeNerka,NA,59.556508,-159.076097,NA,NA,NA
data/BK1703222/E-008_S98_sorted.bam,E-008_S98,135,GW BK1703222,E-008_S98_R1_001.fastq.gz,AL2016-1256,380696,E-008_S98,Alaska,Southwest,LakeNerka,NA,59.556508,-159.076097,NA,NA,NA
data/BK1703222/E-009_S99_sorted.bam,E-009_S99,136,GW BK1703222,E-009_S99_R1_001.fastq.gz,AL2016-1257,380697,E-009_S99,Alaska,Southwest,LakeNerka,NA,59.556508,-159.076097,NA,NA,NA
data/BK1703222/E-010_S100_sorted.bam,E-010_S100,137,GW BK1703222,E-010_S100_R1_001.fastq.gz,AL2016-1259,380699,E-010_S100,Alaska,Southwest,LakeNerka,NA,59.556508,-159.076097,NA,NA,NA
data/BK1703222/E-012_S102_sorted.bam,E-012_S102,138,GW BK1703222,E-012_S102_R1_001.fastq.gz,AL2016-1261,380701,E-012_S102,Alaska,Southwest,LakeNerka,NA,59.556508,-159.076097,NA,NA,NA
data/BK1703222/E-013_S103_sorted.bam,E-013_S103,139,GW BK1703222,E-013_S103_R1_001.fastq.gz,AL2016-1262,380702,E-013_S103,Alaska,Southwest,LakeNerka,NA,59.556508,-159.076097,NA,NA,NA
data/BK1703222/E-014_S104_sorted.bam,E-014_S104,140,GW BK1703222,E-014_S104_R1_001.fastq.gz,AL2016-1263,380703,E-014_S104,Alaska,Southwest,LakeNerka,NA,59.556508,-159.076097,NA,NA,NA
data/BK1703222/E-015_S105_sorted.bam,E-015_S105,141,GW BK1703222,E-015_S105_R1_001.fastq.gz,AL2016-1264,380704,E-015_S105,Alaska,Southwest,LakeNerka,NA,59.556508,-159.076097,NA,NA,NA
data/BK1703222/E-017_S107_sorted.bam,E-017_S107,142,GW BK1703222,E-017_S107_R1_001.fastq.gz,AL2016-1266,380706,E-017_S107,Alaska,Southwest,LakeNerka,NA,59.556508,-159.076097,NA,NA,NA
data/BK1703222/E-018_S108_sorted.bam,E-018_S108,143,GW BK1703222,E-018_S108_R1_001.fastq.gz,AL2016-1267,380707,E-018_S108,Alaska,Southwest,LakeNerka,NA,59.556508,-159.076097,NA,NA,NA
data/BK1703222/E-019_S109_sorted.bam,E-019_S109,144,GW BK1703222,E-019_S109_R1_001.fastq.gz,AL2016-1268,380708,E-019_S109,Alaska,Southwest,LakeNerka,NA,59.556508,-159.076097,NA,NA,NA
data/BK1703222/E-020_S110_sorted.bam,E-020_S110,145,GW BK1703222,E-020_S110_R1_001.fastq.gz,AL2016-1269,380709,E-020_S110,Alaska,Southwest,LakeNerka,NA,59.556508,-159.076097,NA,NA,NA
data/BK1703222/E-021_S111_sorted.bam,E-021_S111,146,GW BK1703222,E-021_S111_R1_001.fastq.gz,AL2016-1270,380710,E-021_S111,Alaska,Southwest,LakeNerka,NA,59.556508,-159.076097,NA,NA,NA
data/BK1703222/E-022_S112_sorted.bam,E-022_S112,147,GW BK1703222,E-022_S112_R1_001.fastq.gz,AL2016-1271,380711,E-022_S112,Alaska,Southwest,LakeNerka,NA,59.556508,-159.076097,NA,NA,NA
data/BK1703222/E-024_S114_sorted.bam,E-024_S114,148,GW BK1703222,E-024_S114_R1_001.fastq.gz,AL2016-1273,380713,E-024_S114,Alaska,Southwest,LakeNerka,NA,59.556508,-159.076097,NA,NA,NA
data/BK1703222/F-003_S118_sorted.bam,F-003_S118,149,GW BK1703222,F-003_S118_R1_001.fastq.gz,AL2015-543,401257,F-003_S118,Alaska,Interior,Fairbanks,NA,64.855184,-146.820805,NA,NA,NA
data/AN1711171/W-001_sorted.bam,W-001,150,GW AN1711171,W-001_R1_001.fastq.gz,156525,156525,W-001,Alaska,Northwest,Selawik,NA,NA,NA,NA,NA,NA
data/AN1711171/J-022_sorted.bam,J-022,151,GW AN1711171,J-022_R1_001.fastq.gz,400012,400012,J-022,Alaska,Southeast,AntlinRiver,NA,NA,NA,NA,NA,NA
data/AN1711171/F-021_sorted.bam,F-021,152,GW AN1711171,F-021_R1_001.fastq.gz,401247,401247,F-021,Alaska,Interior,Fairbanks,NA,64.843409,-147.808841,NA,NA,NA
data/AN1711171/Q-014_sorted.bam,Q-014,153,GW AN1711171,Q-014_R1_001.fastq.gz,402160,402160,Q-014,Alaska,Interior,MintoFlats,NA,NA,NA,NA,NA,NA
data/AN1711171/Q-016_sorted.bam,Q-016,154,GW AN1711171,Q-016_R1_001.fastq.gz,402162,402162,Q-016,Alaska,Interior,MintoFlats,NA,NA,NA,NA,NA,NA
data/AN1711171/U-003_sorted.bam,U-003,155,GW AN1711171,U-003_R1_001.fastq.gz,404175,404175,U-003,Alaska,North,NorthSlope,NA,NA,NA,NA,NA,NA
data/BK1703222/F-016_S131_sorted.bam,F-016_S131,156,GW BK1703222,F-016_S131_R1_001.fastq.gz,AL2015-521,401235,F-016_S131,Alaska,Interior,Fairbanks,NA,64.843409,-147.808841,NA,NA,NA
data/BK1703222/F-006_S121_sorted.bam,F-006_S121,157,GW BK1703222,F-006_S121_R1_001.fastq.gz,AL2015-522,401236,F-006_S121,Alaska,Interior,Fairbanks,NA,64.849445,-147.402877,NA,NA,NA
data/BK1703222/F-007_S122_sorted.bam,F-007_S122,158,GW BK1703222,F-007_S122_R1_001.fastq.gz,AL2015-523,401237,F-007_S122,Alaska,Interior,Fairbanks,NA,64.849445,-147.402877,NA,NA,NA
data/BK1703222/F-008_S123_sorted.bam,F-008_S123,159,GW BK1703222,F-008_S123_R1_001.fastq.gz,AL2015-524,401238,F-008_S123,Alaska,Interior,Fairbanks,NA,64.849445,-147.402877,NA,NA,NA
data/BK1703222/F-009_S124_sorted.bam,F-009_S124,160,GW BK1703222,F-009_S124_R1_001.fastq.gz,AL2015-525,401239,F-009_S124,Alaska,Interior,Fairbanks,NA,64.849445,-147.402877,NA,NA,NA
data/BK1703222/F-010_S125_sorted.bam,F-010_S125,161,GW BK1703222,F-010_S125_R1_001.fastq.gz,AL2015-526,401240,F-010_S125,Alaska,Interior,Fairbanks,NA,64.849445,-147.402877,NA,NA,NA
data/BK1703222/F-011_S126_sorted.bam,F-011_S126,162,GW BK1703222,F-011_S126_R1_001.fastq.gz,AL2015-527,401241,F-011_S126,Alaska,Interior,Fairbanks,NA,64.849445,-147.402877,NA,NA,NA
data/BK1703222/F-012_S127_sorted.bam,F-012_S127,163,GW BK1703222,F-012_S127_R1_001.fastq.gz,AL2015-529,401243,F-012_S127,Alaska,Interior,Fairbanks,NA,64.849445,-147.402877,NA,NA,NA
data/BK1703222/F-013_S128_sorted.bam,F-013_S128,164,GW BK1703222,F-013_S128_R1_001.fastq.gz,AL2015-530,401244,F-013_S128,Alaska,Interior,Fairbanks,NA,64.849445,-147.402877,NA,NA,NA
data/BK1703222/F-004_S119_sorted.bam,F-004_S119,165,GW BK1703222,F-004_S119_R1_001.fastq.gz,AL2015-531,401245,F-004_S119,Alaska,Interior,Fairbanks,NA,64.803083,-147.216906,NA,NA,NA
data/BK1703222/F-017_S132_sorted.bam,F-017_S132,166,GW BK1703222,F-017_S132_R1_001.fastq.gz,AL2015-532,401246,F-017_S132,Alaska,Interior,Fairbanks,NA,64.843409,-147.808841,NA,NA,NA
data/BK1703222/F-018_S133_sorted.bam,F-018_S133,167,GW BK1703222,F-018_S133_R1_001.fastq.gz,AL2015-533,401247,F-018_S133,Alaska,Interior,Fairbanks,NA,64.843409,-147.808841,NA,NA,NA
data/BK1703222/F-019_S134_sorted.bam,F-019_S134,168,GW BK1703222,F-019_S134_R1_001.fastq.gz,AL2015-534,401248,F-019_S134,Alaska,Interior,Fairbanks,NA,64.843409,-147.808841,NA,NA,NA
data/BK1703222/F-001_S116_sorted.bam,F-001_S116,169,GW BK1703222,F-001_S116_R1_001.fastq.gz,AL2015-535,401249,F-001_S116,Alaska,Interior,Fairbanks,NA,64.849445,-147.850537,NA,NA,NA
data/BK1703222/F-005_S120_sorted.bam,F-005_S120,170,GW BK1703222,F-005_S120_R1_001.fastq.gz,AL2015-536,401250,F-005_S120,Alaska,Interior,Fairbanks,NA,64.803083,-147.216906,NA,NA,NA
data/BK1703222/F-014_S129_sorted.bam,F-014_S129,171,GW BK1703222,F-014_S129_R1_001.fastq.gz,AL2015-537,401251,F-014_S129,Alaska,Interior,Fairbanks,NA,64.849445,-147.402877,NA,NA,NA
data/BK1703222/F-015_S130_sorted.bam,F-015_S130,172,GW BK1703222,F-015_S130_R1_001.fastq.gz,AL2015-540,401254,F-015_S130,Alaska,Interior,Fairbanks,NA,64.849445,-147.402877,NA,NA,NA
data/BK1703222/F-020_S135_sorted.bam,F-020_S135,173,GW BK1703222,F-020_S135_R1_001.fastq.gz,AL2015-541,401255,F-020_S135,Alaska,Interior,Fairbanks,NA,64.843409,-147.808841,NA,NA,NA
data/BK1703222/F-002_S117_sorted.bam,F-002_S117,174,GW BK1703222,F-002_S117_R1_001.fastq.gz,AL2015-542,401256,F-002_S117,Alaska,Interior,Fairbanks,NA,64.855184,-146.820805,NA,NA,NA
data/BK1703222/E-007_S97_sorted.bam,E-007_S97,175,GW BK1703222,E-007_S97_R1_001.fastq.gz,AL2016-1255,380695,E-007_S97,Alaska,Southwest,LakeNerka,NA,59.556508,-159.076097,NA,NA,NA
